Country,2000,2001,2002,2003,2004,2005,2006,2007,2008,2009,2010,2011,2012,2013,2014,2015,2016,2017,2018,2019
Afghanistan,NA,NA,NA,NA,NA,NA,NA,32817,NA,NA,NA,NA,NA,NA,NA,82926,84619,87226,91456,NA
Åland Islands,NA,NA,NA,NA,NA,NA,NA,NA,NA,NA,NA,NA,NA,NA,NA,NA,NA,NA,NA,NA
Albania,22250,22280,NA,22424,NA,NA,NA,NA,24208,24069,24082,23298,23452,23471,23314,23329,24082,24165,24008,NA
Algeria,NA,NA,NA,NA,NA,NA,NA,NA,NA,NA,NA,NA,NA,NA,NA,NA,NA,NA,NA,NA
American Samoa,NA,NA,NA,NA,NA,NA,NA,NA,NA,NA,NA,NA,NA,NA,NA,NA,NA,NA,NA,NA
Andorra,NA,NA,409,440,460,482,NA,NA,NA,NA,NA,NA,NA,543,499,544,557,546,563,NA
Angola,18848,21818,NA,NA,NA,NA,NA,NA,NA,NA,NA,32279,NA,NA,NA,72859,75997,NA,NA,NA
Anguilla,66,66,82,82,81,82,97,96,NA,NA,NA,124,NA,NA,NA,NA,NA,NA,NA,NA
Antigua and Barbuda,394,NA,NA,NA,NA,NA,NA,NA,NA,678,694,706,723,NA,674,701,NA,813,845,NA
Argentina,311323,223367,229159,241612,254065,256884,272904,285764,323957,NA,NA,NA,NA,NA,NA,NA,NA,NA,NA,NA
Armenia,NA,NA,NA,NA,NA,NA,NA,NA,NA,NA,NA,NA,NA,NA,NA,NA,NA,NA,29311,NA
Aruba,405,427,449,461,479,502,518,543,555,553,532,528,555,NA,NA,NA,NA,NA,NA,NA
Australia,NA,NA,NA,NA,NA,NA,NA,NA,NA,NA,NA,NA,NA,NA,NA,NA,NA,NA,NA,NA
Austria,NA,NA,72392,72629,71954,71135,71548,71710,72856,74202,74576,74754,74426,73036,72563.65,72162.28,72960.55908,73673.57,NA,NA
Azerbaijan,NA,NA,NA,NA,NA,NA,NA,NA,NA,NA,NA,NA,NA,NA,NA,NA,130300,127300,124211,NA
Bahamas,NA,NA,2135,NA,2177,2365,2559,2788,2716,2780,2837,2974,2309,2433,2534,2185,2414,2185,2154,NA
Bahrain,NA,NA,NA,NA,NA,NA,NA,NA,NA,NA,NA,7881,8646,8894,9138,9374,9770,9632,9671,NA
Bangladesh,268774,285109,320779,355594,378276,422578,409262,413746,370800,387273,400052,376914,378049,378209,NA,NA,436223.9744,450665.8182,452193,NA
Barbados,1215,1210,1326,1381,1264,1348,1430,NA,NA,NA,NA,NA,NA,NA,NA,1172,1093,1097,1091,NA
Belarus,NA,NA,NA,NA,NA,NA,NA,NA,NA,NA,NA,NA,NA,85401,80513,77028,77654,77110,75835,NA
Belgium,NA,NA,NA,NA,NA,NA,NA,NA,NA,NA,NA,NA,NA,127706,128413,129222,130790,132043,NA,NA
Belize,996,1066,NA,1220,1528,1558,1741,1796,1835,1895,1947,2060,2142,2116,NA,2322,2230,2401,2413,NA
Benin,9803,11887,NA,13957,14410,NA,NA,NA,NA,NA,NA,NA,NA,88460,90439,93366,90341,NA,NA,NA
Bermuda,NA,645,651,687,700,682,747,NA,NA,NA,825,670,661,785,822,638,672,NA,NA,NA
Bhutan,NA,NA,NA,NA,NA,1499,2062,NA,2194,2739,2805,3056,3322,4991,5191,6119,6515,6853,7048,NA
Bolivia (Plurinational State of),NA,NA,NA,NA,NA,NA,NA,NA,NA,NA,NA,NA,NA,57155,59213,60493,63414,65369,66702,NA
Bosnia and Herzegovina,NA,NA,NA,NA,NA,NA,NA,NA,NA,NA,NA,NA,NA,27765,27940,27405,27028,27087,27153,NA
Botswana,9938,10387,10902,11321,12402,12559,12746,12902,NA,NA,NA,NA,NA,NA,NA,NA,NA,NA,NA,NA
Brazil,NA,NA,1401056,1469950,1570514,1611582,NA,1262634,1375114,1377993,1412582,1431170,1448245,1441306,1451313,1428559,1417859,1382343,NA,NA
British Virgin Islands,148,150,166,170,184,203,203,223,NA,223,233,239,NA,NA,258,251,273,259,NA,NA
Brunei Darussalam,3244,3377,3453,3765,4137,4350,4255,4274,4439,4601,NA,5023,5192,5304,5359,5347,5323,5101,5331,NA
Bulgaria,58714,57166,57405,57461,57609,57253,56409,54813,51700,46279,44034,42557,40885,39843,39224,NA,38546,NA,NA,NA
Burkina Faso,NA,NA,NA,7559,NA,NA,10802,12498,13964,18251,17780,22809,25684,28335,31078,38322,45254,49818,55407,NA
Burundi,NA,NA,NA,6855,7176,7498,6770,7501,NA,10895,11275,12968,14141,15504,15673,18558,22512,23729,25372,NA
Cambodia,19030,20286,21997,23749,NA,NA,27070,30258,NA,NA,NA,NA,NA,NA,NA,NA,NA,NA,NA,NA
Cameroon,29623,43326,NA,NA,45693,48497,43193,44611,42877,NA,NA,65261,79943,92598,97921,106119,114601,NA,NA,NA
Canada,NA,NA,NA,NA,NA,NA,NA,NA,NA,NA,NA,NA,NA,NA,NA,NA,NA,NA,NA,NA
Cabo Verde,NA,1886,1962,2091,2193,2241,2363,3195,3393,3336,3522,3614,3689,3624,3728,3575,3607,3613,3460,NA
Cayman Islands,252,239,231,NA,239,275,316,NA,361,NA,NA,363,626,NA,NA,NA,NA,NA,317,NA
Central African Republic,NA,NA,NA,NA,NA,NA,NA,NA,NA,1166,1653,1886,1848,NA,NA,NA,3433,4357,NA,NA
Chad,4260,4572,4883,6613,6661,7312,7962,9555,NA,13043,13253,14275,15384,14683,13895,18696,19721,NA,NA,NA
Channel Islands,NA,NA,NA,NA,NA,NA,NA,NA,NA,NA,NA,NA,NA,NA,NA,NA,NA,NA,NA,NA
Chile,47398,NA,45981,NA,63311,65813,66927,67970,68113,68200,69434,70903,72021,74823,77576.64424,79535.81,81316,82797.06,NA,NA
China,4763020,4572065,4792771,5138036,NA,NA,5766256,6221145,6343783,6388302,6417038,6431127,6550540,6229458,6211070,6234124,6219580,6266954,6359696,NA
"China, Hong Kong Special Administrative Region",25369,26012,26452,26558,27319,27581,28089,29273,29802,30311,30474,30828,32490,30926,30574,30405,30063,31007,31106,NA
"China, Macao Special Administrative Region",1481,1621,1753,1791,2001,2077,2154,2210,2177,2294,2355,2523,2480,2587,2626,2629,2696,2710,2727,NA
Colombia,185924,177177,177940,NA,164340,164194,164783,185618,NA,187275,187124,200567,193087,192562,193884,181041,182714,183952,186063,NA
Comoros,NA,NA,2598,3399,3111,NA,NA,NA,NA,NA,NA,NA,NA,7784,8150,NA,NA,12693,8870,NA
Congo,NA,NA,NA,7261,6866,NA,NA,NA,NA,NA,NA,NA,18165,NA,NA,NA,NA,NA,NA,NA
Cook Islands,123,123,123,126,NA,122,NA,133,NA,126,117,130,NA,128,124,124,107,NA,NA,NA
Costa Rica,13568,14323,15410,NA,NA,NA,21042,21097,24347,25643,26676,28111,NA,32018,32051,32988,36355,35112,38355,NA
Côte d'Ivoire,NA,NA,NA,NA,NA,NA,NA,NA,NA,NA,NA,NA,NA,NA,63602,NA,66852,72134,74796,NA
Croatia,34651,35765,36450,36806,NA,39472,41491,42261,43095,47001,47673,47995,48776,49228,46194,51214,51843,NA,NA,NA
Cuba,66122,73627,77041,80372,84467,84827,88536,93311,89495,85957,85476,88316,93067,94786,93503,91289,88441,86096,82549,NA
Curaçao,NA,NA,NA,NA,NA,NA,NA,NA,NA,NA,NA,NA,NA,NA,NA,NA,NA,NA,NA,NA
Cyprus,4681,5031,5258,5326,5736,5694,5862,6075,6353,6512,6526,6466,6394,6368,6032,5521,7000,6643,NA,NA
Czechia,NA,92925,92384,93004,95296,93330,91622,81105,79822,77855,76241,71092,69448,69387,NA,NA,NA,NA,NA,NA
Democratic People's Republic of Korea,NA,NA,NA,NA,NA,NA,NA,NA,NA,123702,NA,NA,NA,NA,NA,122971,NA,NA,123539,NA
Democratic Republic of the Congo,NA,NA,NA,NA,NA,NA,NA,179635,188808,212273,218320,248591,253929,281324,300719,324324,NA,NA,NA,NA
Denmark,44587,43921,NA,NA,NA,NA,NA,NA,NA,NA,NA,NA,NA,NA,49050,NA,NA,NA,NA,NA
Djibouti,NA,NA,644,NA,NA,NA,967,1021,NA,1497,NA,1827,2074,2274,2386,2612,2580,2674,2563,2441
Dominica,346,374,443,460,445,496,455,469,506,524,511,535,NA,543,516,520,556,NA,NA,NA
Dominican Republic,NA,NA,NA,NA,28948,30583,32700,31710,37164,34673,32084,31289,31040,33285,NA,42071,NA,49593,NA,NA
Ecuador,67548,68963,71175,73284,74685,75743,76817,77904,NA,76560,82989,83720,82982,81832,84324,86456,87924.19198,90642.09466,91733.54561,NA
Egypt,473713,490647,480685,485186,487709,NA,NA,NA,NA,549344,NA,NA,NA,NA,NA,NA,591205,587512,602579,NA
El Salvador,NA,NA,NA,16832,17199,18126,NA,19929,20484,22807,NA,24556,NA,NA,NA,19449.35278,19508.69444,19254,18928,NA
Equatorial Guinea,894,NA,NA,NA,NA,1327,NA,NA,NA,NA,NA,NA,NA,NA,NA,NA,NA,NA,NA,NA
Eritrea,2501,2710,3097,3014,4058,4225,4188,5053,NA,5644,6413,6495,7010,6981,6654,6322,6435,6766,7436,NA
Estonia,11938,11833,NA,NA,NA,NA,NA,11496,11272,10543,10881,10344,10170,9983,NA,NA,9133,9001,NA,NA
Eswatini,3487,NA,3845,3684,3746,4241,3979,4358,NA,4717,4890,5250,5556,5843,6115,6362,6966,NA,NA,NA
Ethiopia,NA,NA,NA,NA,NA,NA,NA,NA,79962,81887,97660,112608,122147,NA,NA,NA,NA,NA,NA,NA
Faeroe Islands,NA,NA,NA,NA,NA,NA,NA,NA,NA,NA,NA,NA,NA,NA,NA,NA,NA,NA,NA,NA
Falkland Islands (Malvinas),NA,NA,NA,NA,NA,NA,NA,NA,NA,NA,NA,NA,NA,NA,NA,NA,NA,NA,NA,NA
Fiji,4840,5036,5142,4029,4558,NA,4200,4327,5265,NA,NA,3813,5041,NA,NA,NA,NA,NA,NA,NA
Finland,38776,37925,39276,41555,41953,41982,43840,44170,42991,43319,43076,44493,44843,42578,42085,NA,40768,40018,NA,NA
France,502510,506304,510467,510943,511278,528062,495424,490955,480564,469085,463172,463976,461328,457049,NA,NA,NA,NA,NA,NA
French Guiana,NA,NA,NA,NA,NA,NA,NA,NA,NA,NA,NA,NA,NA,NA,NA,NA,NA,NA,NA,NA
French Polynesia,NA,NA,NA,NA,NA,NA,NA,NA,NA,NA,NA,NA,NA,NA,NA,NA,NA,NA,NA,NA
Gabon,NA,NA,NA,NA,NA,NA,NA,NA,NA,NA,NA,NA,NA,NA,NA,NA,NA,NA,NA,NA
Gambia,NA,NA,NA,NA,NA,NA,NA,NA,NA,NA,NA,NA,NA,4213,4525,5936,NA,6545,7841,NA
Georgia,59466,58956,47910,48965,NA,NA,NA,NA,40919,45147,NA,NA,NA,39082,38865,38343,36886,37258,37018,NA
Germany,578376,588329,589965,595388,597681,595635,593896,593011,597269,584737,593815,584535,580082,580537.159,590030,586213.95,588926.498,586985.94,NA,NA
Ghana,55217,55549,59075,65976,67946,72879,83737,91487,99001,99154,112252,115086,124436,134438,143254,146847,147969,163123,167150,187914
Gibraltar,124,132,NA,NA,NA,NA,NA,NA,307,282,NA,NA,NA,NA,NA,NA,125,147,NA,NA
Greece,75689,78963,84305,83004,83848,86365,86024,86513,NA,NA,NA,NA,NA,90072,80388,76473,78827,78015,NA,NA
Greenland,NA,NA,NA,NA,NA,NA,NA,NA,NA,NA,NA,NA,NA,NA,NA,NA,NA,NA,NA,NA
Grenada,NA,NA,NA,740,680,NA,596,642,664,694,744,NA,NA,719,776,784,773,749,713,NA
Guadeloupe,NA,NA,NA,NA,NA,NA,NA,NA,NA,NA,NA,NA,NA,NA,NA,NA,NA,NA,NA,NA
Guam,NA,NA,NA,NA,NA,NA,NA,NA,NA,NA,NA,NA,NA,NA,NA,NA,NA,NA,NA,NA
Guatemala,35910,40029,44435,NA,45400,47904,49935,53630,54498,61472,77400,82250,83418,94102,92039,NA,98419,116080,116952,NA
Guernsey,NA,NA,NA,NA,NA,NA,NA,NA,NA,NA,NA,NA,NA,NA,NA,NA,NA,NA,NA,NA
Guinea,NA,NA,NA,9757,10828,12202,13477,NA,15941,NA,NA,19322,NA,NA,NA,NA,NA,NA,NA,NA
Guinea-Bissau,1717,NA,NA,NA,NA,NA,1480,NA,NA,NA,NA,NA,NA,NA,NA,NA,NA,NA,NA,NA
Guyana,NA,NA,NA,3942,NA,3915,NA,3265,3574,3559,3766,4148,4235,NA,NA,NA,NA,NA,NA,NA
Haiti,NA,NA,NA,NA,NA,NA,NA,NA,NA,NA,NA,NA,NA,NA,NA,NA,NA,NA,NA,NA
Holy See,NA,NA,NA,NA,NA,NA,NA,NA,NA,NA,NA,NA,NA,NA,NA,NA,NA,NA,NA,NA
Honduras,NA,NA,NA,NA,16667,NA,NA,NA,NA,NA,NA,NA,NA,NA,NA,39613,44956,39322,NA,NA
Hungary,101781,94359,93283,93964,97775,96588,96250,95324,90423,88430,88749,88003,86098,84994,78674,80322,80741,NA,NA,NA
Iceland,NA,NA,NA,NA,NA,NA,NA,NA,NA,NA,NA,NA,NA,NA,NA,NA,NA,NA,NA,NA
India,2112548,2164558,2357820,2507357,2586211,NA,NA,NA,NA,4022005,4251657,4387444,NA,3878747,4073937,4092933,4638710,4731207,4667986,NA
Indonesia,1010196,1040081,1114798,1115098,1151624,1281677,1369424,1434874,1531383,1550054,1640533,1407035,1290585,1451842,1459756,NA,1674317,1586484,1636970,NA
Iran (Islamic Republic of),NA,NA,NA,NA,NA,NA,NA,NA,NA,NA,NA,NA,NA,334369,330872,NA,305644,299031,NA,NA
Iraq,62034,NA,NA,84090,90825,NA,NA,148363,NA,NA,NA,NA,NA,NA,NA,NA,NA,NA,NA,NA
Ireland,NA,NA,NA,NA,NA,NA,NA,NA,NA,NA,NA,NA,NA,NA,NA,NA,NA,NA,NA,NA
Isle of Man,NA,NA,NA,NA,NA,NA,NA,NA,NA,NA,NA,NA,NA,NA,NA,NA,NA,NA,NA,NA
Israel,61069,65973,67993,68241,68241,68079,67463,68058,69391,71062,NA,NA,NA,NA,NA,NA,NA,NA,NA,NA
Italy,421297,441168,440667,428177,417023,427646,426822,450757,NA,NA,NA,NA,NA,403878,NA,407866,456891,460896,NA,NA
Jamaica,12396,NA,11801,11315,12828,NA,NA,13006,NA,NA,18222,15486,14256,14150,13575,13099,11974,13173,12011,NA
Japan,NA,NA,NA,NA,NA,NA,NA,NA,NA,NA,NA,NA,NA,NA,631675,634117,638414,637889,NA,NA
Jersey,NA,NA,NA,NA,NA,NA,NA,NA,NA,NA,NA,NA,NA,NA,NA,NA,NA,NA,NA,NA
Jordan,NA,NA,32332,34294,NA,NA,NA,NA,NA,NA,NA,NA,NA,NA,51313,NA,NA,66809,64416,NA
Kazakhstan,NA,NA,NA,NA,NA,NA,NA,NA,NA,NA,NA,NA,NA,NA,NA,223704,252152,268245,264826,251053
Kenya,NA,68089,70432,74839,92691,90728,91207,89838,93709,95816,NA,NA,93171,NA,185361,198752,NA,NA,NA,NA
Kiribati,NA,449,562,572,622,677,635,653,664,NA,NA,NA,NA,NA,NA,NA,NA,NA,NA,NA
Kuwait,22244,23311,NA,NA,25290,NA,NA,26100,27496,31206,NA,NA,NA,NA,NA,39804,42121,43838,45349,NA
Kyrgyzstan,49469,50064,51364,52655,53300,53754,53165,52614,52487,47637,48479,47441,52800,53305,52444,59575,66932,63240,63420,NA
Lao People's Democratic Republic,12402,12686,13296,13771,14257,15891,15987,17110,18117,18598,21498,24652,27686,31011,32757,34200,36260,37360,37354,NA
Latvia,24819,24386,24492,24767,24989,25124,25202,NA,18575,18396,16375,16380,15798,15242,14800,14661,14369,14189,NA,NA
Lebanon,NA,44486,47348,46721,43971,41801,41536,41747,42165,42492,42858,42387,NA,47439,47833,NA,50049,NA,NA,NA
Lesotho,3368,3455,3546,3636,3577,3495,3725,4006,4517,4962,5139,5282,5449,5405,5575,5571,5559,5386,NA,NA
Liberia,NA,NA,NA,NA,NA,NA,NA,NA,NA,NA,NA,NA,NA,NA,14974,12334,NA,17512,NA,NA
Libya,NA,NA,NA,NA,NA,NA,NA,NA,NA,NA,NA,NA,NA,NA,NA,NA,NA,NA,NA,NA
Liechtenstein,NA,NA,NA,NA,NA,328,352,369,327,339,NA,309,NA,348,349,338,339,339,NA,NA
Lithuania,37654,37654,42594,NA,42030,42763,42303,41681,41142,40048,38800,37981,36649,36330,34339,33365,32633,31075,NA,NA
Luxembourg,3031,3125,3206,3279,3359,3493,3667,3755,3859,NA,5007,5008,5613,5815,5140,4977.73,5405,NA,NA,NA
Madagascar,NA,NA,NA,NA,NA,28818,30686,34130,35343,43539,NA,NA,50842,NA,64622,NA,NA,76549,80227,NA
Malawi,NA,NA,NA,NA,NA,NA,NA,14913,16535,NA,16011,17479,18336,20470,23468,25372,NA,NA,14396,NA
Malaysia,120002,125571,129836,141913,148824,153031,154407,166940,178379,186481,190581,193506,198044,207454,NA,NA,208866,223594,227412,NA
Maldives,1310,1884,1691,2088,NA,NA,NA,NA,NA,NA,NA,NA,NA,NA,NA,NA,NA,NA,NA,NA
Mali,8899,NA,NA,NA,NA,NA,NA,22263,25990,29308,NA,33220,NA,45778,50882,49262,52033,58364,NA,NA
Malta,3371,3476,3450,3662,3567,3499,3392,3551,3550,NA,NA,3876,3728,3826,3841,3775.6591,3991,4324.8,NA,NA
Marshall Islands,NA,NA,381,387,NA,NA,NA,NA,NA,NA,NA,NA,NA,NA,NA,NA,NA,NA,NA,NA
Martinique,NA,NA,NA,NA,NA,NA,NA,NA,NA,NA,NA,NA,NA,NA,NA,NA,NA,NA,NA,NA
Mauritania,2492,2911,3000,3237,3126,2995,3777,NA,NA,NA,NA,NA,NA,NA,5408,5591,7582,8612,9136,NA
Mauritius,5436,5607,5933,6371,6974,7433,7761,8124,8053,8186,8323,8507,8643,9845,10026,10020,NA,9901,11141,NA
Mayotte,NA,NA,NA,NA,NA,NA,NA,NA,NA,NA,NA,NA,NA,NA,NA,NA,NA,NA,NA,NA
Mexico,537386,554425,571377,594388,579714,593451,610387,620808,635518,650513,652140,669583,684249,694325,805868,837775,841700,832536,NA,NA
Micronesia (Federated States of),NA,NA,NA,NA,NA,NA,NA,NA,NA,NA,NA,NA,NA,NA,NA,NA,NA,NA,NA,NA
Monaco,NA,276,NA,NA,277,NA,NA,NA,519,NA,NA,NA,NA,NA,NA,406,NA,401,NA,NA
Mongolia,11341,11910,12910,14536,14662,15141,16207,NA,NA,NA,19043,NA,NA,NA,20908,20875,21753,21709,21234,NA
Montenegro,NA,NA,NA,NA,NA,NA,NA,NA,NA,NA,NA,NA,NA,NA,NA,NA,NA,NA,NA,NA
Montserrat,26,23,33,NA,NA,26,27,29,NA,27,NA,NA,NA,NA,27,NA,33,36,36,NA
Morocco,90799,NA,NA,97146,100367,NA,NA,NA,NA,NA,NA,NA,NA,NA,NA,NA,NA,140474,147805,NA
Mozambique,NA,NA,NA,NA,NA,9509,10278,12064,13952,16053,19690,21553,22008,24317,25618,27040,31000,33281,NA,NA
Myanmar,71155,74696,76150,73062,77004,78144,79837,81943,82001,82204,83703,NA,NA,NA,100346,NA,155858,150309,153660,NA
Namibia,5164,5384,5513,5592,6430,5896,6024,6423,NA,NA,NA,NA,NA,NA,NA,NA,NA,11343,NA,NA
Nauru,38,34,25,34,38,39,24,33,NA,NA,NA,NA,NA,NA,45,NA,40,NA,NA,NA
Nepal,44620,45373,NA,52528,NA,NA,NA,NA,56799,64529,84268,95966,102685,106620,109705,111171,113385,115759,NA,122582
Netherlands,NA,NA,103788,108149,109661,107410,106952,108440,110793,109140,107433,113370,111870,110183,107839.31,111562.16,111849.22,113686.43,NA,NA
Netherlands Antilles,1108,1141,1182,NA,NA,NA,NA,NA,NA,NA,NA,NA,NA,NA,NA,NA,NA,NA,NA,NA
New Caledonia,NA,NA,NA,NA,NA,NA,NA,NA,NA,NA,NA,NA,NA,NA,NA,NA,NA,NA,NA,NA
New Zealand,28546,30341,NA,35507,38188,35766,35509,36009,35504,37942,35322,35381,34920,NA,35210.16,35276.69,35054.37326,35684.41051,NA,NA
Nicaragua,10413,10620,11300,NA,12843,12980,13657,15126,16164,NA,15089,NA,NA,NA,NA,NA,NA,NA,NA,NA
Niger,4537,4589,4165,4406,5131,6633,7358,NA,NA,NA,9945,9873,NA,16406,20509,21296,26839,26456,29225,NA
Nigeria,132884,140631,162960,180278,154594,159283,202082,213366,308311,NA,390427,NA,NA,NA,NA,NA,NA,NA,NA,NA
Niue,33,21,29,NA,25,25,NA,NA,NA,NA,NA,NA,NA,NA,22,23,NA,NA,NA,NA
Norfolk Island,NA,NA,NA,NA,NA,NA,NA,NA,NA,NA,NA,NA,NA,NA,NA,NA,NA,NA,NA,NA
North Macedonia,13833,13571,13630,14005,14260,14550,14727,15185,15577,16110,16537,17268,17742,17978,17861,17924,18056,18435,NA,NA
Northern Mariana Islands,NA,NA,NA,NA,NA,NA,NA,NA,NA,NA,NA,NA,NA,NA,NA,NA,NA,NA,NA,NA
Norway,NA,NA,NA,NA,NA,NA,NA,NA,NA,NA,NA,NA,NA,NA,NA,51336.72,50972.48,52178.24,NA,NA
Oman,13528,14422,15230,16077,NA,NA,NA,NA,NA,NA,NA,NA,NA,NA,NA,NA,NA,29653,41340,NA
Pakistan,NA,NA,NA,237224,246570,294716,NA,NA,NA,NA,NA,NA,444439,483738,527388,571685,590003,646318,654895,NA
Palau,126,NA,NA,NA,NA,NA,NA,NA,NA,NA,NA,NA,NA,NA,NA,NA,NA,NA,NA,NA
Palestine,16829,18939,21158,22271,22776,24668,24605,27952,29246,30630,31586,34423,34955,35564,35968,36168,37333,37466,44132,NA
Panama,14404,15181,15613,NA,16109,16392,16317,16847,17337,18750,18501,19463,NA,20001,22946,23777,23777,23777,NA,NA
Papua New Guinea,NA,NA,NA,NA,NA,NA,NA,NA,NA,NA,NA,NA,13804,NA,NA,NA,14791,NA,NA,NA
Paraguay,38647,38698,43835,43163,44440,NA,NA,NA,NA,NA,NA,NA,34286,NA,NA,NA,NA,NA,NA,NA
Peru,116624,122309,134279,145032,147033,147654,156648,158890,160669,160902,167262,160018,155868,176662,188070,190307,191963,190361,195767,NA
Philippines,NA,148033,151750,163646,168058,167749,169075,181193,NA,194373,NA,NA,NA,NA,267515,279052,314482,377174,NA,NA
Pitcairn,NA,NA,NA,NA,NA,NA,NA,NA,NA,NA,NA,NA,NA,NA,NA,NA,NA,NA,NA,NA
Poland,NA,300973,NA,275967,NA,296029,289324,287425,279408,276969,273368,305993,301481,291374,279213,273481,267777,264616,NA,NA
Portugal,84869,83651,89586,87302,85858,93803,93727,92965,95296,97491,98089,96447,89901,81749,77685,78418,79425,80914,NA,NA
Puerto Rico,NA,NA,NA,NA,NA,NA,NA,NA,NA,NA,26161,22900,19639,20896,15437,14749,13753,NA,NA,NA
Qatar,NA,4516,4909,5111,5356,4814,6200,NA,6818,6923,6938,7184,7899,8169,8698,8941,9582,9893,9738,NA
Republic of Korea,188327,189273,200805,206163,207878,209676,214228,216947,219288,221689,224503,239292,237375,238301,239996,235768,233461,231582,NA,NA
Republic of Moldova,31240,30545,31307,31004,31335,30920,30771,30376,30195,29186,29299,29237,28662,27142,26213,24968,24599,22931,22942,NA
Réunion,NA,NA,NA,NA,NA,NA,NA,NA,NA,NA,NA,NA,NA,NA,NA,NA,NA,NA,NA,NA
Romania,173359,171206,176247,164613,157682,161551,156816,153805,151981,150267,146017,137170,134412,130244,131171,129210,125023,124376,NA,NA
Russian Federation,NA,NA,NA,NA,NA,1306099,1284226,1250773,1183126,1135634,NA,NA,1045810,NA,NA,NA,NA,NA,NA,NA
Rwanda,5557,5453,6329,7058,7750,7610,7818,12103,NA,15329,NA,20522,23335,25532,27116,29558,30805,30415,23304,NA
Saint Helena,NA,NA,NA,NA,NA,NA,NA,NA,NA,NA,NA,NA,NA,NA,NA,NA,NA,NA,NA,NA
Saint Kitts and Nevis,330,376,423,417,421,397,NA,447,417,441,465,468,448,386,515,519,527,NA,NA,NA
Saint Lucia,705,734,710,794,814,803,845,907,979,1002,1020,1019,1027,1154,1063,1126,1077,1070,1058,NA
Saint Pierre and Miquelon,NA,NA,NA,NA,NA,NA,NA,NA,NA,NA,NA,NA,NA,NA,NA,NA,NA,NA,NA,NA
Saint Vincent and the Grenadines,406,405,421,437,575,NA,NA,569,598,886,680,650,680,706,670,685,706,704,707,NA
Saint-Barthélemy,NA,NA,NA,NA,NA,NA,NA,NA,NA,NA,NA,NA,NA,NA,NA,NA,NA,NA,NA,NA
Saint-Martin (French part),NA,NA,NA,NA,NA,NA,NA,NA,NA,NA,NA,NA,NA,NA,NA,NA,NA,NA,NA,NA
Samoa,1024,1064,1074,NA,NA,NA,NA,1166,NA,1206,1211,NA,NA,NA,NA,NA,NA,NA,NA,NA
San Marino,NA,NA,NA,NA,NA,NA,NA,NA,152,167,161,NA,NA,NA,NA,NA,NA,NA,283,NA
Sao Tome and Principe,NA,NA,NA,NA,342,373,NA,NA,NA,NA,NA,601,NA,NA,793,1066,936,NA,NA,NA
Saudi Arabia,NA,NA,NA,NA,NA,234358,NA,NA,NA,264141,NA,NA,NA,315863,311944,323406,301421,272675,269616,NA
Senegal,9125,10391,10699,NA,13654,15394,NA,NA,NA,NA,NA,31525,38068,39337,43661,55786,56844,57316,NA,NA
Serbia,NA,NA,NA,NA,NA,NA,NA,56889,59125,60202,61541,61702,62374,61917,63360,65494,66286,66600,67217,NA
Seychelles,568,525,593,595,590,589,590,588,547,596,592,603,605,595,550,617,638,635,692,NA
Sierra Leone,NA,5840,NA,NA,NA,NA,NA,NA,NA,NA,NA,17194,18482,20196,NA,21874,22129,NA,NA,NA
Singapore,NA,NA,NA,NA,NA,NA,NA,13061,13471,14363,NA,NA,NA,NA,NA,NA,15384,14929,NA,NA
Sint Maarten (Dutch part),NA,NA,NA,NA,NA,NA,NA,NA,NA,NA,NA,NA,252,NA,358,NA,NA,NA,NA,NA
Slovakia,54904,52159,52626,51817,52192,50526,49896,48162,46989,45956,45689,45438,44935,42882,41839,40712,40403,39894,NA,NA
Slovenia,16888,17100,16949,15845,16456,16173,16405,16179,15790,15501,15251,15047,14915,14657,14369,14036,15351,NA,NA,NA
Solomon Islands,1337,NA,NA,NA,NA,NA,NA,NA,NA,NA,1415,1680,1607,NA,NA,2202,NA,NA,NA,NA
Somalia,NA,NA,NA,NA,NA,NA,NA,4504,NA,NA,NA,NA,NA,NA,NA,NA,NA,NA,NA,NA
South Africa,147612,154960,146643,149046,149375,141562,158544,164990,168556,187162,NA,NA,NA,NA,NA,190022,192359,182937,NA,NA
South Sudan,NA,NA,NA,NA,NA,NA,NA,NA,NA,NA,NA,NA,NA,NA,NA,5974,NA,NA,NA,NA
Spain,285179,292759,281206,274801,276928,280030,282222,285033,284084,290569,294775,293861,290401,274393,276116,276487,286786,288074,NA,NA
Sri Lanka,NA,NA,NA,NA,NA,NA,NA,NA,NA,NA,NA,149153,149886,NA,NA,NA,150320,151803,155628,NA
Sudan,NA,NA,NA,NA,NA,NA,NA,NA,NA,NA,NA,NA,NA,NA,NA,NA,NA,NA,NA,NA
Sudan (pre-secession),NA,51822,48600,48139,61814,63682,66104,79122,NA,82665,NA,NA,NA,NA,NA,NA,NA,NA,NA,NA
Suriname,NA,2731,2791,NA,NA,3296,3319,3373,NA,3549,3622,3692,4076,4086,4203,4569,NA,NA,NA,NA
Svalbard and Jan Mayen Islands,NA,NA,NA,NA,NA,NA,NA,NA,NA,NA,NA,NA,NA,NA,NA,NA,NA,NA,NA,NA
Sweden,65075,66536,70209,72132,75243,76125,79085,79016,78978,78187,75305,73492,70957,68188,65512,65570,66363,70099,NA,NA
Switzerland,NA,NA,NA,NA,NA,NA,NA,NA,NA,NA,NA,NA,64975,66533,64403,NA,62387,61941,NA,NA
Syrian Arab Republic,60582,62592,65218,NA,NA,NA,NA,NA,NA,NA,NA,NA,NA,NA,NA,NA,NA,NA,NA,NA
Tajikistan,48479,50026,50337,54693,61998,59922,60692,61186,61585,59446,60334,67698,NA,NA,NA,NA,NA,NA,NA,NA
Thailand,NA,169402,172948,NA,NA,NA,208812,227929,222799,NA,NA,NA,NA,NA,229937,240005,246711,240251,241484,NA
Timor-Leste,NA,1589,1787,1700,2644,3160,NA,NA,2444,NA,4415,4441,NA,NA,NA,NA,NA,5492.27607,5869.74237,NA
Togo,8203,NA,NA,10513,11029,13259,11067,11518,NA,NA,NA,20798,NA,NA,NA,NA,NA,NA,NA,NA
Tokelau,11,15,15,27,NA,NA,NA,NA,NA,NA,NA,NA,NA,NA,NA,NA,NA,NA,NA,NA
Tonga,993,1021,1012,NA,NA,NA,NA,982,987,981,993,1021,NA,1116,1116,1086,NA,NA,NA,NA
Trinidad and Tobago,NA,NA,NA,NA,NA,NA,NA,NA,NA,NA,NA,NA,NA,NA,NA,NA,NA,NA,NA,NA
Tunisia,58132,60708,58278,NA,68834,71882,73891,78461,82981,86727,87585,84562,NA,NA,NA,NA,NA,87483,87280,NA
Turkey,NA,NA,NA,NA,NA,NA,NA,NA,NA,NA,NA,NA,432297,524654,559445,594443,NA,657390,NA,NA
Turkmenistan,NA,NA,NA,NA,NA,NA,NA,NA,NA,NA,NA,NA,NA,NA,NA,NA,NA,NA,NA,NA
Turks and Caicos Islands,130,NA,NA,146,NA,NA,NA,NA,NA,NA,NA,NA,NA,NA,205,210,NA,NA,230,NA
Tuvalu,NA,NA,NA,NA,NA,NA,NA,NA,NA,NA,NA,NA,NA,NA,NA,209,134,NA,126,NA
Uganda,NA,NA,NA,NA,39661,40177,45542,55861,59881,68215,66091,49322,41467,66666,63957,NA,NA,NA,NA,NA
Ukraine,389387,NA,NA,NA,NA,NA,NA,NA,NA,NA,NA,NA,NA,NA,NA,340062,330532,324041,323949,NA
United Arab Emirates,NA,NA,NA,NA,NA,NA,NA,NA,NA,NA,NA,NA,NA,NA,NA,NA,46237,NA,NA,NA
United Kingdom of Great Britain and Northern Ireland,353098,361610,356499,361200,372888,387532,368475,378882,375385,NA,NA,NA,NA,409477.9868,414227,412358.73,392953.25,384284.2037,NA,NA
United Republic of Tanzania,NA,NA,NA,NA,NA,NA,NA,NA,NA,NA,NA,NA,NA,NA,82810,NA,113409,112223,102982,NA
United States of America,NA,NA,NA,NA,NA,1634890,NA,NA,NA,NA,1758269,1671040,1645042,1639621.911,1638605.69,1661375,NA,1694959,NA,NA
United States Virgin Islands,NA,NA,NA,NA,NA,NA,NA,NA,NA,NA,NA,NA,NA,NA,NA,NA,NA,NA,NA,NA
Uruguay,20778,22454,NA,23193,NA,22122,20964,21369,22315,23216,25390,NA,NA,NA,NA,NA,NA,NA,NA,NA
Uzbekistan,310043,315439,318366,329692,334461,339315,348445,352001,357560,367224,342064,329168,337652,358956,374549,370507,374585,376861,373767,NA
Vanuatu,423,722,NA,NA,NA,NA,NA,NA,NA,NA,NA,NA,NA,NA,NA,1000,NA,NA,NA,NA
Venezuela (Bolivarian Republic of),NA,NA,NA,NA,NA,NA,NA,NA,NA,NA,NA,NA,NA,NA,NA,NA,NA,NA,NA,NA
Viet Nam,NA,NA,NA,NA,NA,NA,NA,NA,NA,NA,NA,NA,NA,NA,NA,NA,NA,NA,NA,NA
Wallis and Futuna Islands,NA,NA,NA,NA,NA,NA,NA,NA,NA,NA,NA,NA,NA,NA,NA,NA,NA,NA,NA,NA
Western Sahara,NA,NA,NA,NA,NA,NA,NA,NA,NA,NA,NA,NA,NA,NA,NA,NA,NA,NA,NA,NA
Yemen,NA,NA,NA,NA,NA,NA,NA,NA,NA,NA,NA,NA,NA,NA,NA,NA,NA,NA,NA,NA
Zambia,NA,NA,NA,NA,NA,NA,NA,NA,NA,NA,NA,NA,NA,NA,NA,NA,NA,NA,NA,NA
Zimbabwe,34163,35416,31957,33964,NA,NA,NA,NA,NA,NA,NA,NA,41759,42585,NA,NA,NA,NA,NA,NA
Sustainable Development Goal Regions,NA,NA,NA,NA,NA,NA,NA,NA,NA,NA,NA,NA,NA,NA,NA,NA,NA,NA,NA,NA
  World,25485695.75,25538230.6,26289727.93,27138207.99,27687509.6,28494411.95,29182754.23,30191869.13,31157535.36,31724892.57,32336434.32,32605386.13,32795750.94,32454216.83,32967905.42,33478747.24,34320504.3,34728185.43,34984015.27,NA
  Landlocked Developing Countries,1248142.304,1278284.546,1321391.914,1350861.407,1394017.394,1419523.105,1457275.944,1488433.031,1523647.1,1554053.428,1568975.349,1580732.657,1625555.909,1704399.544,1748423.408,1781370.852,1864804.939,1909731.984,1909179.565,NA
  Least Developed Countries,937312.8754,1004533.313,1093724.467,1165495.774,1252839.835,1359214.578,1415247.491,1498177.001,1550355.833,1681350.173,1801617.068,1869612.363,1964659.994,2105091.324,2203128.389,2348132.87,2483430.773,2576385.478,2603196.289,NA
  Small Island Developing States,210032.2425,224415.3402,234504.729,242774.2752,255132.5936,263017.1375,269410.4816,272560.8296,277118.4357,274671.9652,280889.8655,282727.894,289223.8284,298669.846,305971.6933,299974.9439,300424.0561,302720.8744,302577.8474,NA
  Africa (Sub-Saharan) ,889359.1561,962186.8869,1008731.911,1081714.082,1116528.072,1171631.941,1298736.3,1401904.442,1579346.528,1730942.984,1868065.53,2181864.563,2101994.654,2457536.771,2516158.443,2668722.278,2636861.791,2727660.769,2781763.783,NA
  Western Asia and Northern Africa,1990174.745,2092459.606,2140812.33,2253294.713,2283672.042,2332890.712,2411702.675,2503159.701,2566277.274,2684879.784,2753512.797,2858212.887,2888848.691,2944049.218,2943526.686,2992711.467,3055657.198,3130456.402,3183362.452,NA
  Africa (Northern),916033.5281,947714.5459,944072.6958,957341.6295,976949.7841,993038.8577,1013005.045,1037330.215,1081583.114,1147883.986,1161758.863,1212378.046,1221373.741,1216728.323,1201362.281,1204953.819,1213431.003,1226415.237,1255589.876,NA
  Asia (Western),1074141.217,1144745.06,1196739.634,1295953.083,1306722.258,1339851.855,1398697.63,1465829.487,1484694.161,1536995.798,1591753.934,1645834.842,1667474.951,1727320.895,1742164.405,1787757.648,1842226.195,1904041.165,1927772.576,NA
  Asia (Central and Southern),3883856.688,3974364.216,4234777.379,4436427.738,4571690.315,4949489.579,5235657.191,5585291.585,5980544.674,6211477.13,6446418.529,6583104.912,6875212.846,6164572.645,6440464.629,6511495.094,7130221.308,7318366.475,7330271.194,NA
  Asia (Central),728883.0699,742600.616,752539.0582,774535.441,790394.6383,793090.5202,799700.1983,795401.7707,791813.2923,782989.7542,747341.7206,732624.7301,741123.9774,755681.8167,778494.858,784381.5652,825414.1646,840163.8792,834884.1706,NA
  Asia (Southern),3154973.619,3231763.6,3482238.321,3661892.297,3781295.676,4156399.059,4435956.993,4789889.814,5188731.382,5428487.376,5699076.808,5850480.182,6134088.868,5408890.829,5661969.771,5727113.529,6304807.144,6478202.596,6495387.024,NA
  Asia (Eastern and South-eastern),7571320.6,7424202.053,7759739.24,8141979.562,8461701.817,8737436.882,9100481.41,9669758.362,9901242.566,9983133.195,10133678.34,9955823.119,9939140.938,9775470.258,9843748.006,10046288.62,10169114.44,10212933.22,10331408.89,NA
  Asia (Eastern),5740017.509,5545001.715,5776403.39,6125295.65,6381602.481,6499984.958,6763981.402,7223005.269,7349470.723,7395437.647,7435141.107,7469977.176,7593888.652,7276307.982,7260611.486,7280889,7268004.235,7312354.585,7302098.446,NA
  Asia (South-eastern),1831303.091,1879200.339,1983335.85,2016683.911,2080099.336,2237451.923,2336500.008,2446753.093,2551771.843,2587695.548,2698537.23,2485845.944,2345252.286,2499162.276,2583136.521,2765399.616,2901110.201,2900578.64,3029310.448,NA
  Latin America and the Caribbean,3171791.049,3074788.874,3128172.52,3263674.862,3383007.452,3470066.61,3345567.587,3242575.531,3420599.216,3465242.337,3548968.726,3614203.483,3659291.085,3743816.654,3894102.702,3905913.179,3919150.29,3888982.373,3856539.641,NA
  Oceania,NA,NA,NA,NA,NA,NA,NA,NA,NA,NA,NA,NA,NA,NA,NA,NA,NA,NA,NA,NA
  Oceania (Australia/New Zealand),NA,NA,NA,NA,NA,NA,NA,NA,NA,NA,NA,NA,NA,NA,NA,NA,NA,NA,NA,NA
  Oceania (excl. Australia/New Zealand),17655.85425,18857.6577,19788.29246,19107.73714,19968.51641,20178.20154,20631.44865,21404.7475,23091.51753,23274.18114,23672.53458,24298.67565,26226.78165,26486.76775,26669.14338,27262.96063,26956.84306,27329.42417,NA,NA
  Northern America and Europe,7785384.416,7805316.882,7807173.195,7745222.394,7644343.745,7610116.049,7578846.073,7566391.987,7483969.819,7425064.617,7368676.495,7190894.671,7104796.009,7143203.918,7105780.837,7131418.156,7194658.074,7234587.201,7282369.788,NA
  Europe,6103869.232,6147604.196,6112581.897,6008856.171,5891249.779,5836133.717,5758495.965,5726166.417,5623677.274,5526117.891,5470656.541,5381739.143,5313623.39,5359302.211,5324795.619,5328880.363,5368190.266,5397883.151,5433960.339,NA
  Northern America ,1681515.185,1657712.686,1694591.298,1736366.223,1753093.966,1773982.332,1820350.109,1840225.57,1860292.545,1898946.726,1898019.954,1809155.528,1791172.619,1783901.706,1780985.218,1802537.793,1826467.808,1836704.05,1848409.449,NA
UIS Regions,NA,NA,NA,NA,NA,NA,NA,NA,NA,NA,NA,NA,NA,NA,NA,NA,NA,NA,NA,NA
  World,25485695.75,25538230.6,26289727.93,27138207.99,27687509.6,28494411.95,29182754.23,30191869.13,31157535.36,31724892.57,32336434.32,32605386.13,32795750.94,32454216.83,32967905.42,33478747.24,34320504.3,34728185.43,34984015.27,NA
  Arab States,1427718.86,1483187.772,1518004.302,1619023.768,1671396.876,1727062.272,1788520.467,1864349.233,1934908.069,2025677.305,2072950.938,2161190.707,2202813.632,2173479.543,2137924.959,2152089.855,2172397.63,2209768.251,2262633.131,NA
  Central and Eastern Europe,3511948.977,3533383.019,3508553.766,3412554.051,3278263.931,3156323.545,3138644.162,3083071.922,2988702.672,2942832.825,2911402.964,2911695.595,2887647.117,2954217.369,2962217.285,2999060.666,3022913.81,3087989.841,3116039.632,NA
  Central Asia,970580.9459,986970.2595,989822.1327,1015131.285,1017680.888,1022547.783,1029886.411,1026734.584,1017317.474,1009416.962,967834.5316,944760.4081,949106.9349,956475.3614,977500.2376,981815.5264,1043268.177,1055416.408,1046658.171,NA
  East Asia and the Pacific,7753788.693,7617204.135,7957150.598,8343338.2,8673605.971,8945076.062,9296037.399,9875230.837,10108284.54,10188112.08,10331749.24,10155249.2,10144500.25,9980562.024,10046964.12,10247612.06,10362202.64,10406423.21,10528474.41,NA
  Latin America and the Caribbean,3172412.923,3075433.874,3128823.52,3264361.862,3383707.452,3470748.61,3346314.587,3243341.066,3421383.472,3466046.473,3549793.726,3614873.483,3659952.085,3744601.654,3894924.702,3906551.179,3919822.29,3889599.713,3857146.288,NA
  North America and Western Europe,4608083.46,4651803.237,4700047.383,4744171.773,4768997.488,4848576.467,4853401.907,4911755.662,4924040.933,4938573.354,4940934.511,4791177.418,4722551.974,4786040.924,4778039.898,4803985.141,4868392.819,4884410.641,4907611.83,NA
  South and West Asia,3154973.619,3231763.6,3482238.321,3661892.297,3781295.676,4156399.059,4435956.993,4789889.814,5188731.382,5428487.376,5699076.808,5850480.182,6134088.868,5408890.829,5661969.771,5727113.529,6304807.144,6478202.596,6495387.024,NA
  Sub-Saharan Africa,886188.2708,958484.7024,1005087.911,1077734.754,1112561.314,1167678.155,1293992.3,1397496.007,1574166.821,1725746.204,1862691.599,2175959.138,2095090.079,2449949.126,2508364.443,2660519.278,2626699.791,2716374.769,2770064.783,NA
  Small Island Developing States,192073.7,205902.9819,215399.734,223021.0649,234581.508,241648.0918,247174.6398,249489.7769,253033.7672,249498.8436,255177.1766,260211.6672,270231.6875,278338.6987,291099.9406,285730.7499,287129.9219,290211.2923,290652.9983,NA
World Bank Income Groups,NA,NA,NA,NA,NA,NA,NA,NA,NA,NA,NA,NA,NA,NA,NA,NA,NA,NA,NA,NA
  Low income countries,682715.9877,724142.6985,775105.8824,861266.6031,925040.7135,984111.654,1050803.935,1128477.997,1208976.504,1298154.239,1396386.841,1494035.906,1553745.402,1607121.995,1631576.99,1692378.606,1747553.229,1804472.765,1832463.741,NA
  Lower middle income countries,6116425.222,6304220.523,6658755.495,6929348.67,7093661.305,7642482.156,8093539.201,8590972.535,9217703.281,9562148.686,9991413.49,10182559.09,10266179.21,10022688.03,10318322.17,10650123.66,11298577.06,11482135.27,11680605.71,NA
  Middle income countries,18136245.18,18089705.13,18719675.83,19409132.52,19831969.48,20464812.5,21081509.8,21945799.35,22816303.93,23264941.87,23759320.17,24009598.91,24185480.6,23706698.69,24228866.01,24655952.21,25386381.2,25722193.21,26018580.87,NA
  Upper middle income countries,12019819.95,11785484.61,12060920.33,12479783.85,12738308.18,12822330.34,12987970.6,13354826.81,13598600.65,13702793.19,13767906.68,13827039.82,13919301.39,13684010.66,13910543.85,14005828.56,14087804.15,14240057.94,14337975.15,NA
  High income countries,6666475.584,6724134.771,6794664.226,6867518.039,6930214.742,7045208.102,7050140.614,7117287.656,7131946.519,7161491.27,7180424.93,7101430.451,7056197.957,7140077.342,7107143.622,7130092.688,7186257.983,7201203.855,7132651.957,NA
